Workbook

Sheet Lugares
A1: id_destino | B1: place_id | C1: municipio | D1: provincia | E1: comunidad_autonoma | F1: tipologia_principal | G1: prioridad | H1: lote_carga | I1: consulta_es_turismo | J1: consulta_es_opiniones | K1: consulta_en_review | L1: consulta_en_que_hacer | M1: region_code | N1: relevance_language | O1: fecha_desde | P1: max_resultados_consulta | Q1: orden_busqueda | R1: incluir_shorts | S1: activo | T1: frecuencia_dias | U1: fuente_turismo_url | V1: fuente_municipios_url | W1: observaciones
A2: 1 | B2: ="ES-"&TEXT(A2,"000") -> ES-001 | C2: Sevilla | D2: Sevilla | E2: Andalucía | F2: Urbano cultural | G2: 1 | H2: =MOD(A2-1,10)+1 -> 1 | I2: =CHAR(34)&C2&IF(C2=D2,""," "&D2)&CHAR(34)&" turismo" -> "Sevilla" turismo | J2: =CHAR(34)&C2&IF(C2=D2,""," "&D2)&CHAR(34)&" opiniones viaje" -> "Sevilla" opiniones viaje | K2: =CHAR(34)&C2&" Spain"&CHAR(34)&" travel review" -> "Sevilla Spain" travel review | L2: =CHAR(34)&C2&" Spain"&CHAR(34)&" things to do" -> "Sevilla Spain" things to do | M2: ES | N2: es | O2: 44927 | P2: 25 | Q2: relevance | R2: 0 | S2: 1 | T2: 30 | U2: https://www.spain.info/es/consulta/destinos-turisticos-espana/ | V2: https://www.ine.es/dyngs/INEbase/operacion.htm?c=Estadistica_C&cid=1254736177031&idp=1254734710990&menu=ultiDatos
A3: 2 | B3: ="ES-"&TEXT(A3,"000") -> ES-002 | C3: Córdoba | D3: Córdoba | E3: Andalucía | F3: Patrimonio histórico | G3: 1 | H3: =MOD(A3-1,10)+1 -> 2 | I3: =CHAR(34)&C3&IF(C3=D3,""," "&D3)&CHAR(34)&" turismo" -> "Córdoba" turismo | J3: =CHAR(34)&C3&IF(C3=D3,""," "&D3)&CHAR(34)&" opiniones viaje" -> "Córdoba" opiniones viaje | K3: =CHAR(34)&C3&" Spain"&CHAR(34)&" travel review" -> "Córdoba Spain" travel review | L3: =CHAR(34)&C3&" Spain"&CHAR(34)&" things to do" -> "Córdoba Spain" things to do | M3: ES | N3: es | O3: 44927 | P3: 25 | Q3: relevance | R3: 0 | S3: 1 | T3: 30 | U3: https://www.spain.info/es/consulta/destinos-turisticos-espana/ | V3: https://www.ine.es/dyngs/INEbase/operacion.htm?c=Estadistica_C&cid=1254736177031&idp=1254734710990&menu=ultiDatos
A4: 3 | B4: ="ES-"&TEXT(A4,"000") -> ES-003 | C4: Granada | D4: Granada | E4: Andalucía | F4: Patrimonio histórico | G4: 1 | H4: =MOD(A4-1,10)+1 -> 3 | I4: =CHAR(34)&C4&IF(C4=D4,""," "&D4)&CHAR(34)&" turismo" -> "Granada" turismo | J4: =CHAR(34)&C4&IF(C4=D4,""," "&D4)&CHAR(34)&" opiniones viaje" -> "Granada" opiniones viaje | K4: =CHAR(34)&C4&" Spain"&CHAR(34)&" travel review" -> "Granada Spain" travel review | L4: =CHAR(34)&C4&" Spain"&CHAR(34)&" things to do" -> "Granada Spain" things to do | M4: ES | N4: es | O4: 44927 | P4: 25 | Q4: relevance | R4: 0 | S4: 1 | T4: 30 | U4: https://www.spain.info/es/consulta/destinos-turisticos-espana/ | V4: https://www.ine.es/dyngs/INEbase/operacion.htm?c=Estadistica_C&cid=1254736177031&idp=1254734710990&menu=ultiDatos
A5: 4 | B5: ="ES-"&TEXT(A5,"000") -> ES-004 | C5: Málaga | D5: Málaga | E5: Andalucía | F5: Costa y urbano | G5: 1 | H5: =MOD(A5-1,10)+1 -> 4 | I5: =CHAR(34)&C5&IF(C5=D5,""," "&D5)&CHAR(34)&" turismo" -> "Málaga" turismo | J5: =CHAR(34)&C5&IF(C5=D5,""," "&D5)&CHAR(34)&" opiniones viaje" -> "Málaga" opiniones viaje | K5: =CHAR(34)&C5&" Spain"&CHAR(34)&" travel review" -> "Málaga Spain" travel review | L5: =CHAR(34)&C5&" Spain"&CHAR(34)&" things to do" -> "Málaga Spain" things to do | M5: ES | N5: es | O5: 44927 | P5: 25 | Q5: relevance | R5: 0 | S5: 1 | T5: 30 | U5: https://www.spain.info/es/consulta/destinos-turisticos-espana/ | V5: https://www.ine.es/dyngs/INEbase/operacion.htm?c=Estadistica_C&cid=1254736177031&idp=1254734710990&menu=ultiDatos
A6: 5 | B6: ="ES-"&TEXT(A6,"000") -> ES-005 | C6: Marbella | D6: Málaga | E6: Andalucía | F6: Costa y playa | G6: 1 | H6: =MOD(A6-1,10)+1 -> 5 | I6: =CHAR(34)&C6&IF(C6=D6,""," "&D6)&CHAR(34)&" turismo" -> "Marbella Málaga" turismo | J6: =CHAR(34)&C6&IF(C6=D6,""," "&D6)&CHAR(34)&" opiniones viaje" -> "Marbella Málaga" opiniones viaje | K6: =CHAR(34)&C6&" Spain"&CHAR(34)&" travel review" -> "Marbella Spain" travel review | L6: =CHAR(34)&C6&" Spain"&CHAR(34)&" things to do" -> "Marbella Spain" things to do | M6: ES | N6: es | O6: 44927 | P6: 25 | Q6: relevance | R6: 0 | S6: 1 | T6: 30 | U6: https://www.spain.info/es/consulta/destinos-turisticos-espana/ | V6: https://www.ine.es/dyngs/INEbase/operacion.htm?c=Estadistica_C&cid=1254736177031&idp=1254734710990&menu=ultiDatos
A7: 6 | B7: ="ES-"&TEXT(A7,"000") -> ES-006 | C7: Ronda | D7: Málaga | E7: Andalucía | F7: Patrimonio y naturaleza | G7: 2 | H7: =MOD(A7-1,10)+1 -> 6 | I7: =CHAR(34)&C7&IF(C7=D7,""," "&D7)&CHAR(34)&" turismo" -> "Ronda Málaga" turismo | J7: =CHAR(34)&C7&IF(C7=D7,""," "&D7)&CHAR(34)&" opiniones viaje" -> "Ronda Málaga" opiniones viaje | K7: =CHAR(34)&C7&" Spain"&CHAR(34)&" travel review" -> "Ronda Spain" travel review | L7: =CHAR(34)&C7&" Spain"&CHAR(34)&" things to do" -> "Ronda Spain" things to do | M7: ES | N7: es | O7: 44927 | P7: 25 | Q7: relevance | R7: 0 | S7: 1 | T7: 30 | U7: https://www.spain.info/es/consulta/destinos-turisticos-espana/ | V7: https://www.ine.es/dyngs/INEbase/operacion.htm?c=Estadistica_C&cid=1254736177031&idp=1254734710990&menu=ultiDatos
A8: 7 | B8: ="ES-"&TEXT(A8,"000") -> ES-007 | C8: Cádiz | D8: Cádiz | E8: Andalucía | F8: Costa y patrimonio | G8: 1 | H8: =MOD(A8-1,10)+1 -> 7 | I8: =CHAR(34)&C8&IF(C8=D8,""," "&D8)&CHAR(34)&" turismo" -> "Cádiz" turismo | J8: =CHAR(34)&C8&IF(C8=D8,""," "&D8)&CHAR(34)&" opiniones viaje" -> "Cádiz" opiniones viaje | K8: =CHAR(34)&C8&" Spain"&CHAR(34)&" travel review" -> "Cádiz Spain" travel review | L8: =CHAR(34)&C8&" Spain"&CHAR(34)&" things to do" -> "Cádiz Spain" things to do | M8: ES | N8: es | O8: 44927 | P8: 25 | Q8: relevance | R8: 0 | S8: 1 | T8: 30 | U8: https://www.spain.info/es/consulta/destinos-turisticos-espana/ | V8: https://www.ine.es/dyngs/INEbase/operacion.htm?c=Estadistica_C&cid=1254736177031&idp=1254734710990&menu=ultiDatos
A9: 8 | B9: ="ES-"&TEXT(A9,"000") -> ES-008 | C9: Jerez de la Frontera | D9: Cádiz | E9: Andalucía | F9: Gastronomía y cultura | G9: 2 | H9: =MOD(A9-1,10)+1 -> 8 | I9: =CHAR(34)&C9&IF(C9=D9,""," "&D9)&CHAR(34)&" turismo" -> "Jerez de la Frontera Cádiz" turismo | J9: =CHAR(34)&C9&IF(C9=D9,""," "&D9)&CHAR(34)&" opiniones viaje" -> "Jerez de la Frontera Cádiz" opiniones viaje | K9: =CHAR(34)&C9&" Spain"&CHAR(34)&" travel review" -> "Jerez de la Frontera Spain" travel review | L9: =CHAR(34)&C9&" Spain"&CHAR(34)&" things to do" -> "Jerez de la Frontera Spain" things to do | M9: ES | N9: es | O9: 44927 | P9: 25 | Q9: relevance | R9: 0 | S9: 1 | T9: 30 | U9: https://www.spain.info/es/consulta/destinos-turisticos-espana/ | V9: https://www.ine.es/dyngs/INEbase/operacion.htm?c=Estadistica_C&cid=1254736177031&idp=1254734710990&menu=ultiDatos
A10: 9 | B10: ="ES-"&TEXT(A10,"000") -> ES-009 | C10: Almería | D10: Almería | E10: Andalucía | F10: Costa y urbano | G10: 2 | H10: =MOD(A10-1,10)+1 -> 9 | I10: =CHAR(34)&C10&IF(C10=D10,""," "&D10)&CHAR(34)&" turismo" -> "Almería" turismo | J10: =CHAR(34)&C10&IF(C10=D10,""," "&D10)&CHAR(34)&" opiniones viaje" -> "Almería" opiniones viaje | K10: =CHAR(34)&C10&" Spain"&CHAR(34)&" travel review" -> "Almería Spain" travel review | L10: =CHAR(34)&C10&" Spain"&CHAR(34)&" things to do" -> "Almería Spain" things to do | M10: ES | N10: es | O10: 44927 | P10: 25 | Q10: relevance | R10: 0 | S10: 1 | T10: 30 | U10: https://www.spain.info/es/consulta/destinos-turisticos-espana/ | V10: https://www.ine.es/dyngs/INEbase/operacion.htm?c=Estadistica_C&cid=1254736177031&idp=1254734710990&menu=ultiDatos
A11: 10 | B11: ="ES-"&TEXT(A11,"000") -> ES-010 | C11: Nerja | D11: Málaga | E11: Andalucía | F11: Costa y naturaleza | G11: 2 | H11: =MOD(A11-1,10)+1 -> 10 | I11: =CHAR(34)&C11&IF(C11=D11,""," "&D11)&CHAR(34)&" turismo" -> "Nerja Málaga" turismo | J11: =CHAR(34)&C11&IF(C11=D11,""," "&D11)&CHAR(34)&" opiniones viaje" -> "Nerja Málaga" opiniones viaje | K11: =CHAR(34)&C11&" Spain"&CHAR(34)&" travel review" -> "Nerja Spain" travel review | L11: =CHAR(34)&C11&" Spain"&CHAR(34)&" things to do" -> "Nerja Spain" things to do | M11: ES | N11: es | O11: 44927 | P11: 25 | Q11: relevance | R11: 0 | S11: 1 | T11: 30 | U11: https://www.spain.info/es/consulta/destinos-turisticos-espana/ | V11: https://www.ine.es/dyngs/INEbase/operacion.htm?c=Estadistica_C&cid=1254736177031&idp=1254734710990&menu=ultiDatos
A12: 11 | B12: ="ES-"&TEXT(A12,"000") -> ES-011 | C12: Tarifa | D12: Cádiz | E12: Andalucía | F12: Costa y deportes | G12: 2 | H12: =MOD(A12-1,10)+1 -> 1 | I12: =CHAR(34)&C12&IF(C12=D12,""," "&D12)&CHAR(34)&" turismo" -> "Tarifa Cádiz" turismo | J12: =CHAR(34)&C12&IF(C12=D12,""," "&D12)&CHAR(34)&" opiniones viaje" -> "Tarifa Cádiz" opiniones viaje | K12: =CHAR(34)&C12&" Spain"&CHAR(34)&" travel review" -> "Tarifa Spain" travel review | L12: =CHAR(34)&C12&" Spain"&CHAR(34)&" things to do" -> "Tarifa Spain" things to do | M12: ES | N12: es | O12: 44927 | P12: 25 | Q12: relevance | R12: 0 | S12: 1 | T12: 30 | U12: https://www.spain.info/es/consulta/destinos-turisticos-espana/ | V12: https://www.ine.es/dyngs/INEbase/operacion.htm?c=Estadistica_C&cid=1254736177031&idp=1254734710990&menu=ultiDatos
A13: 12 | B13: ="ES-"&TEXT(A13,"000") -> ES-012 | C13: Úbeda | D13: Jaén | E13: Andalucía | F13: Patrimonio histórico | G13: 2 | H13: =MOD(A13-1,10)+1 -> 2 | I13: =CHAR(34)&C13&IF(C13=D13,""," "&D13)&CHAR(34)&" turismo" -> "Úbeda Jaén" turismo | J13: =CHAR(34)&C13&IF(C13=D13,""," "&D13)&CHAR(34)&" opiniones viaje" -> "Úbeda Jaén" opiniones viaje | K13: =CHAR(34)&C13&" Spain"&CHAR(34)&" travel review" -> "Úbeda Spain" travel review | L13: =CHAR(34)&C13&" Spain"&CHAR(34)&" things to do" -> "Úbeda Spain" things to do | M13: ES | N13: es | O13: 44927 | P13: 25 | Q13: relevance | R13: 0 | S13: 1 | T13: 30 | U13: https://www.spain.info/es/consulta/destinos-turisticos-espana/ | V13: https://www.ine.es/dyngs/INEbase/operacion.htm?c=Estadistica_C&cid=1254736177031&idp=1254734710990&menu=ultiDatos
... A123: 122 | B123: ="ES-"&TEXT(A123,"000") -> ES-122 | C123: Melilla | D123: Melilla | E123: Melilla | F123: Urbano y patrimonio | G123: 2 | H123: =MOD(A123-1,10)+1 -> 2 | I123: =CHAR(34)&C123&IF(C123=D123,""," "&D123)&CHAR(34)&" turismo" -> "Melilla" turismo | J123: =CHAR(34)&C123&IF(C123=D123,""," "&D123)&CHAR(34)&" opiniones viaje" -> "Melilla" opiniones viaje | K123: =CHAR(34)&C123&" Spain"&CHAR(34)&" travel review" -> "Melilla Spain" travel review | L123: =CHAR(34)&C123&" Spain"&CHAR(34)&" things to do" -> "Melilla Spain" things to do | M123: ES | N123: es | O123: 44927 | P123: 25 | Q123: relevance | R123: 0 | S123: 1 | T123: 30 | U123: https://www.spain.info/es/consulta/destinos-turisticos-espana/ | V123: https://www.ine.es/dyngs/INEbase/operacion.htm?c=Estadistica_C&cid=1254736177031&idp=1254734710990&menu=ultiDatos

Sheet Listas
A1: Tipologías | B1: Prioridades | C1: Orden búsqueda | D1: Booleano | E1: Idioma
A2: Urbano cultural | B2: 1 | C2: relevance | D2: 0 | E2: es
A3: Patrimonio histórico | B3: 2 | C3: date | D3: 1 | E3: en
A4: Costa y urbano | B4: 3 | C4: viewCount
A5: Costa y playa
A6: Patrimonio y naturaleza
A7: Costa y patrimonio
A8: Gastronomía y cultura
A9: Costa y naturaleza
A10: Costa y deportes
A11: Urbano y naturaleza
A12: Montaña y patrimonio
A13: Patrimonio rural
A14: Urbano y costa
A15: Costa y ocio
A16: Naturaleza y costa
... A30: Naturaleza y gastronomía

Sheet Resumen
A1: Resumen operativo del catálogo
A3: Indicador | B3: Valor
A4: Municipios incluidos | B4: =COUNTA(Lugares!C2:C123) -> 122
A5: Municipios activos | B5: =COUNTIF(Lugares!S2:S123,1) -> 122
A6: Consultas por municipio | B6: 4
A7: Llamadas search.list por ejecución completa | B7: =B5*B6 -> 488
A8: Resultados brutos máximos por ejecución | B8: =SUMIF(Lugares!S2:S123,1,Lugares!P2:P123)*B6 -> 12200
A9: Número de lotes operativos | B9: 10
A12: Comunidad autónoma | B12: Total | C12: Activos | D12: Prioridad alta
A13: Andalucía | B13: =COUNTIF(Lugares!$E$2:$E$123,A13) -> 13 | C13: =COUNTIFS(Lugares!$E$2:$E$123,A13,Lugares!$S$2:$S$123,1) -> 13 | D13: =COUNTIFS(Lugares!$E$2:$E$123,A13,Lugares!$G$2:$G$123,1) -> 6
A14: Aragón | B14: =COUNTIF(Lugares!$E$2:$E$123,A14) -> 5 | C14: =COUNTIFS(Lugares!$E$2:$E$123,A14,Lugares!$S$2:$S$123,1) -> 5 | D14: =COUNTIFS(Lugares!$E$2:$E$123,A14,Lugares!$G$2:$G$123,1) -> 1
A15: Principado de Asturias | B15: =COUNTIF(Lugares!$E$2:$E$123,A15) -> 6 | C15: =COUNTIFS(Lugares!$E$2:$E$123,A15,Lugares!$S$2:$S$123,1) -> 6 | D15: =COUNTIFS(Lugares!$E$2:$E$123,A15,Lugares!$G$2:$G$123,1) -> 4
A16: Illes Balears | B16: =COUNTIF(Lugares!$E$2:$E$123,A16) -> 6 | C16: =COUNTIFS(Lugares!$E$2:$E$123,A16,Lugares!$S$2:$S$123,1) -> 6 | D16: =COUNTIFS(Lugares!$E$2:$E$123,A16,Lugares!$G$2:$G$123,1) -> 4
A17: Canarias | B17: =COUNTIF(Lugares!$E$2:$E$123,A17) -> 11 | C17: =COUNTIFS(Lugares!$E$2:$E$123,A17,Lugares!$S$2:$S$123,1) -> 11 | D17: =COUNTIFS(Lugares!$E$2:$E$123,A17,Lugares!$G$2:$G$123,1) -> 10
A18: Cantabria | B18: =COUNTIF(Lugares!$E$2:$E$123,A18) -> 5 | C18: =COUNTIFS(Lugares!$E$2:$E$123,A18,Lugares!$S$2:$S$123,1) -> 5 | D18: =COUNTIFS(Lugares!$E$2:$E$123,A18,Lugares!$G$2:$G$123,1) -> 2
A19: Castilla y León | B19: =COUNTIF(Lugares!$E$2:$E$123,A19) -> 10 | C19: =COUNTIFS(Lugares!$E$2:$E$123,A19,Lugares!$S$2:$S$123,1) -> 10 | D19: =COUNTIFS(Lugares!$E$2:$E$123,A19,Lugares!$G$2:$G$123,1) -> 6
A20: Castilla-La Mancha | B20: =COUNTIF(Lugares!$E$2:$E$123,A20) -> 7 | C20: =COUNTIFS(Lugares!$E$2:$E$123,A20,Lugares!$S$2:$S$123,1) -> 7 | D20: =COUNTIFS(Lugares!$E$2:$E$123,A20,Lugares!$G$2:$G$123,1) -> 2
A21: Cataluña | B21: =COUNTIF(Lugares!$E$2:$E$123,A21) -> 10 | C21: =COUNTIFS(Lugares!$E$2:$E$123,A21,Lugares!$S$2:$S$123,1) -> 10 | D21: =COUNTIFS(Lugares!$E$2:$E$123,A21,Lugares!$G$2:$G$123,1) -> 6
A22: Comunitat Valenciana | B22: =COUNTIF(Lugares!$E$2:$E$123,A22) -> 8 | C22: =COUNTIFS(Lugares!$E$2:$E$123,A22,Lugares!$S$2:$S$123,1) -> 8 | D22: =COUNTIFS(Lugares!$E$2:$E$123,A22,Lugares!$G$2:$G$123,1) -> 5
A23: Extremadura | B23: =COUNTIF(Lugares!$E$2:$E$123,A23) -> 6 | C23: =COUNTIFS(Lugares!$E$2:$E$123,A23,Lugares!$S$2:$S$123,1) -> 6 | D23: =COUNTIFS(Lugares!$E$2:$E$123,A23,Lugares!$G$2:$G$123,1) -> 3
A24: Galicia | B24: =COUNTIF(Lugares!$E$2:$E$123,A24) -> 8 | C24: =COUNTIFS(Lugares!$E$2:$E$123,A24,Lugares!$S$2:$S$123,1) -> 8 | D24: =COUNTIFS(Lugares!$E$2:$E$123,A24,Lugares!$G$2:$G$123,1) -> 6
... A31: Melilla | B31: =COUNTIF(Lugares!$E$2:$E$123,A31) -> 1 | C31: =COUNTIFS(Lugares!$E$2:$E$123,A31,Lugares!$S$2:$S$123,1) -> 1 | D31: =COUNTIFS(Lugares!$E$2:$E$123,A31,Lugares!$G$2:$G$123,1) -> 0

Sheet Instrucciones
A1: Uso del catálogo en SharePoint y YouTube Data API
A3: Tema | B3: Descripción
A4: Propósito | B4: La hoja Lugares contiene ciudades y municipios turísticos de España. No incluye monumentos, playas o atracciones individuales.
A5: Tabla de SharePoint | B5: La tabla de Excel se llama tbl_lugares. Power Automate puede usar “List rows present in a table” sobre esta tabla.
A6: Consultas | B6: Las cuatro consultas se generan por fórmula. Al cambiar el municipio o la provincia, Excel recalcula automáticamente los textos.
A7: Prioridad | B7: 1 = destino principal; 2 = destino secundario; 3 = incorporación exploratoria.
A8: Lote de carga | B8: Se distribuyen los municipios en diez lotes para evitar concentrar todas las búsquedas el mismo día.
A9: Cuota | B9: max_resultados_consulta está limitado a 50, que es el máximo de search.list por llamada.
A10: Shorts | B10: incluir_shorts=0 indica que el proceso posterior debe excluir candidatos de corta duración; search.list no tiene un filtro perfecto para Shorts.
A11: Fuente | B11: La selección es un catálogo inicial, no un ranking definitivo. Puede ampliarse o reducirse según la metodología académica.
A14: Fuentes
A15: Portal oficial de destinos turísticos de España | B15: https://www.spain.info/es/consulta/destinos-turisticos-espana/
A16: Relación oficial de municipios del INE | B16: https://www.ine.es/dyngs/INEbase/operacion.htm?c=Estadistica_C&cid=1254736177031&idp=1254734710990&menu=ultiDatos
A17: Documentación de YouTube search.list | B17: https://developers.google.com/youtube/v3/docs/search/list
